{
  "IsEncrypted": false,
  "Values": {
    "AzureWebJobsStorage": "DefaultEndpointsProtocol=https;AccountName=sportmonkfixturemehul;AccountKey=cET+344AjrjdTdx5mXedjozLfeycGU1q4tEkb8xCm3EqoUazkauyYIL7p7wGYb2gfrYTbab7u2x2+AStpnIyxQ==;EndpointSuffix=core.windows.net",
    "FUNCTIONS_WORKER_RUNTIME": "python",
    "BaseUrl": "https://api.services.mimecast.com",
    "Workspace_Id": "cd06fca2-9fe1-48ee-a6fd-0da7ee480d4e",
    "Workspace_Key": "xPq1ER2ZiEwfoyGHwj4hzW8KlZ2U1UeQOKjRyrOxNg2ykOZrWf+N9ou93ZEv+9dOZb6qE7b2zZlxyuRn/zFKWQ==",
    "Mimecast_client_id": "9PPscgGH1DtBZerQWsrpn8KujY3ZgIUjne5cFRlpji2dKRce",
    "Mimecast_client_secret": "AfmVKonG6AX1VMPrqZ0sGMbLHjOLTUi2EARGhP6pFIEyi0zB2OuRnywl5uJdNkRR",
    "Start_Date": "2024-06-19",
    "Connection_String": "DefaultEndpointsProtocol=https;AccountName=sportmonkfixturemehul;AccountKey=cET+344AjrjdTdx5mXedjozLfeycGU1q4tEkb8xCm3EqoUazkauyYIL7p7wGYb2gfrYTbab7u2x2+AStpnIyxQ==;EndpointSuffix=core.windows.net"
  }
}